pay,avg_total_requests,avg_total_accepted,avg_total_profit,std_total_requests,std_total_accepted,std_total_profit
24.5,18709.34,8918.6,49052.3,250.1130632334105,157.36365527020524,865.5001039861289
24.75,19222.06,9469.46,49714.665,266.61893481146456,172.02072084490285,903.10878443574
25.0,19799.46,10055.68,50278.4,242.76937286239382,161.02092286408,805.1046143204
25.25,20313.3,10633.08,50507.13,379.467007788556,236.9950075423531,1125.7262858261772
25.5,20866.54,11247.0,50611.5,351.56570993201257,238.83107000555853,1074.7398150250133
25.75,21586.7,11998.68,50994.39,346.1617107653589,221.94165359391192,943.2520277741257
26.0,22186.22,12652.58,50610.32,278.58910890413506,199.5288540537433,798.1154162149732
26.25,22976.54,13468.42,50506.575,336.1763352765926,231.05506616389087,866.4564981145909
